Value1,Value2,Value3,Value4,Value5,Value6,Value7,Value8,Value9,Value10,Value11,Value12,Value13,Value14,Value15,Value16,Value17,Value18,Substance
247,516,447,726,8866,20429,1007,1349,17772,1155,2753,820,655,486,545,422,17348,5110,Cassava Flour
247,516,447,726,8864,20426,1006,1349,17776,1155,2755,820,655,486,545,422,17348,5110,Cassava Flour
247,516,447,726,8863,20425,1007,1349,17802,1156,2759,820,655,486,546,422,17349,5112,Cassava Flour
247,516,447,726,8861,20424,1007,1350,17825,1157,2762,821,656,486,546,422,17349,5113,Cassava Flour
247,516,447,726,8860,20420,1007,1349,17812,1156,2761,820,655,486,546,422,17348,5113,Cassava Flour
247,516,447,726,8858,20419,1008,1349,17846,1157,2765,821,656,487,546,422,17346,5112,Cassava Flour
247,516,446,726,8858,20417,1008,1350,17853,1158,2766,821,656,487,546,422,17347,5113,Cassava Flour
247,516,446,726,8856,20415,1008,1350,17849,1157,2766,821,656,486,546,422,17346,5112,Cassava Flour
247,516,446,726,8855,20417,1007,1350,17841,1157,2765,821,656,486,546,422,17347,5113,Cassava Flour
247,516,446,726,8854,20413,1007,1350,17848,1157,2766,821,656,486,546,422,17343,5112,Cassava Flour
247,516,446,725,8852,20409,1007,1350,17869,1157,2768,821,656,486,546,422,17341,5112,Cassava Flour
247,516,446,725,8852,20411,1007,1349,17853,1157,2767,820,656,486,546,422,17341,5113,Cassava Flour
247,516,446,725,8851,20408,1007,1349,17862,1157,2768,820,655,486,545,422,17342,5113,Cassava Flour
247,516,446,725,8849,20405,1007,1349,17871,1157,2770,820,655,486,545,422,17341,5113,Cassava Flour
247,516,446,725,8848,20403,1007,1349,17866,1157,2769,820,655,486,545,422,17341,5112,Cassava Flour
246,515,446,722,8806,20341,1002,1345,17893,1154,2773,819,651,480,539,418,17316,5115,Cassava Flour
246,515,446,722,8805,20342,1003,1345,17893,1155,2773,819,651,480,539,417,17317,5118,Cassava Flour
246,515,446,722,8805,20342,1003,1345,17921,1155,2777,819,652,480,540,418,17317,5117,Cassava Flour
246,515,446,722,8805,20340,1002,1345,17898,1154,2773,819,651,480,540,417,17313,5116,Cassava Flour
246,515,446,722,8806,20342,1003,1345,17909,1154,2776,819,651,480,540,417,17313,5115,Cassava Flour
246,515,446,722,8806,20344,1003,1345,17916,1154,2776,819,651,480,540,417,17316,5117,Cassava Flour
246,515,446,722,8805,20340,1003,1345,17924,1154,2777,819,652,480,540,417,17314,5116,Cassava Flour
246,515,446,723,8806,20341,1003,1345,17930,1155,2779,819,652,480,540,417,17316,5117,Cassava Flour
246,515,446,723,8806,20342,1003,1345,17933,1155,2779,819,652,480,540,417,17317,5117,Cassava Flour
246,515,445,723,8805,20342,1003,1345,17952,1156,2782,819,652,480,540,417,17317,5116,Cassava Flour
246,515,445,723,8804,20338,1003,1346,17955,1156,2782,819,652,480,540,417,17315,5117,Cassava Flour
246,515,446,723,8804,20338,1003,1345,17963,1156,2783,819,652,480,540,417,17315,5118,Cassava Flour
246,515,446,723,8805,20341,1003,1345,17958,1155,2783,819,652,480,540,417,17316,5119,Cassava Flour
246,515,446,723,8805,20342,1003,1345,17954,1155,2782,819,652,480,540,417,17316,5117,Cassava Flour
246,515,446,723,8805,20341,1003,1345,17957,1156,2782,819,652,480,540,417,17315,5117,Cassava Flour
184,398,348,558,7062,15601,563,849,5966,621,912,509,287,217,282,226,12734,3743,Garri
185,398,348,558,7064,15604,564,850,5999,622,916,509,287,218,283,226,12735,3743,Garri
185,398,348,558,7066,15607,565,850,6035,623,921,510,288,218,283,227,12735,3742,Garri
185,398,348,558,7066,15608,566,851,6075,624,926,510,289,219,284,227,12735,3742,Garri
185,398,348,558,7067,15609,566,851,6115,624,931,511,289,219,285,227,12732,3741,Garri
185,398,348,558,7068,15611,567,851,6134,625,933,511,289,219,285,228,12731,3742,Garri
186,398,348,558,7069,15611,567,851,6140,625,933,511,289,219,285,228,12730,3741,Garri
186,398,348,558,7070,15612,567,851,6144,625,934,511,289,219,285,228,12731,3741,Garri
186,398,349,558,7070,15612,566,851,6150,625,935,511,289,219,285,228,12730,3742,Garri
186,398,349,559,7072,15617,566,851,6139,625,934,511,289,219,285,227,12731,3741,Garri
186,398,349,559,7075,15621,566,851,6139,625,934,511,289,219,285,227,12732,3741,Garri
186,398,349,559,7078,15624,566,851,6137,625,934,511,289,219,285,227,12733,3740,Garri
186,398,349,559,7079,15626,566,851,6135,625,933,511,289,219,285,227,12732,3740,Garri
186,398,349,559,7082,15630,566,851,6127,625,932,511,289,219,284,227,12734,3739,Garri
186,398,349,559,7084,15633,566,851,6119,625,931,511,289,218,284,227,12734,3739,Garri
187,401,351,563,7142,15723,577,860,6867,639,1025,518,302,229,295,236,12738,3735,Garri
187,401,351,563,7142,15723,577,860,6837,638,1021,517,301,228,295,235,12738,3734,Garri
187,401,351,563,7142,15725,577,860,6849,639,1022,517,301,228,295,236,12739,3735,Garri
187,401,351,563,7144,15727,577,860,6856,639,1023,517,301,228,295,236,12741,3735,Garri
187,401,351,563,7144,15728,577,860,6841,639,1022,517,301,228,295,236,12741,3735,Garri
187,401,351,563,7143,15726,575,858,6763,637,1012,517,300,227,293,234,12738,3734,Garri
187,401,351,563,7144,15728,575,858,6780,637,1014,517,300,227,293,234,12738,3734,Garri
187,401,351,563,7145,15729,576,859,6786,637,1015,517,300,227,293,234,12739,3734,Garri
187,401,351,563,7146,15730,577,859,6836,638,1021,517,301,228,295,235,12738,3734,Garri
187,401,351,563,7147,15732,576,859,6833,638,1021,517,301,228,295,235,12738,3733,Garri
187,401,351,563,7147,15732,576,859,6831,638,1020,517,301,228,295,235,12737,3733,Garri
187,401,351,563,7147,15731,576,859,6815,638,1018,517,301,227,294,235,12736,3733,Garri
186,400,351,563,7146,15730,569,853,6450,630,971,514,293,221,286,229,12735,3733,Garri
186,400,351,563,7145,15730,566,850,6283,626,949,512,290,218,282,225,12734,3732,Garri
186,400,351,563,7144,15728,563,848,6148,623,932,511,287,216,279,223,12733,3732,Garri
70,141,101,157,1547,3442,191,272,1487,263,261,157,187,257,247,166,2468,668,Honey
70,141,101,156,1542,3435,191,271,1493,263,261,157,187,257,247,166,2468,669,Honey
70,141,101,156,1537,3429,191,271,1499,262,262,157,187,257,247,165,2468,670,Honey
70,141,101,156,1532,3423,191,271,1505,262,262,157,187,257,246,165,2469,671,Honey
70,141,101,156,1528,3418,191,271,1510,262,262,157,187,257,246,165,2468,672,Honey
70,141,101,156,1524,3412,191,271,1514,262,262,157,186,257,246,165,2469,672,Honey
70,141,101,155,1520,3407,190,271,1518,262,262,157,186,256,246,165,2468,673,Honey
70,141,101,155,1517,3404,190,271,1523,262,262,157,187,256,246,165,2469,673,Honey
70,141,101,155,1514,3401,190,270,1526,262,262,157,186,256,246,164,2468,673,Honey
70,141,101,155,1512,3397,190,270,1530,262,262,157,186,256,246,164,2468,674,Honey
70,141,101,155,1509,3394,190,270,1533,262,262,157,186,256,246,163,2468,674,Honey
70,141,101,155,1507,3391,190,270,1535,261,262,157,186,256,245,163,2469,674,Honey
70,141,100,155,1505,3388,190,270,1539,261,263,157,186,256,245,163,2468,675,Honey
70,141,100,154,1502,3385,190,270,1543,261,263,157,186,256,245,163,2468,676,Honey
70,141,100,154,1500,3382,190,270,1545,261,263,157,186,256,245,163,2468,676,Honey
69,141,101,156,1534,3427,189,269,1598,261,261,157,186,254,244,163,2467,669,Honey
69,141,101,156,1529,3421,189,269,1600,261,261,157,186,254,243,163,2468,670,Honey
69,141,101,156,1525,3415,189,269,1602,261,262,157,186,254,243,162,2468,672,Honey
69,141,101,155,1520,3409,189,269,1603,261,262,157,186,254,243,162,2468,673,Honey
69,141,101,155,1517,3405,189,269,1604,261,262,157,186,254,243,162,2469,673,Honey
69,141,101,155,1515,3400,188,269,1605,261,262,157,186,254,243,162,2469,674,Honey
69,141,101,155,1511,3396,188,269,1607,261,262,157,186,254,243,162,2469,674,Honey
69,141,101,155,1508,3392,188,269,1608,261,262,157,186,254,243,162,2469,675,Honey
69,141,100,154,1505,3388,188,269,1610,261,262,157,186,254,243,162,2469,675,Honey
69,141,100,154,1502,3384,188,268,1611,261,262,157,186,254,243,162,2468,676,Honey
69,140,100,154,1499,3381,188,268,1612,261,262,157,186,254,243,162,2468,676,Honey
69,140,100,153,1497,3378,188,268,1612,261,262,157,185,254,243,162,2467,676,Honey
69,140,100,153,1494,3375,188,268,1612,261,262,157,185,254,243,162,2467,677,Honey
69,140,100,153,1492,3372,188,268,1614,261,262,157,185,254,243,162,2467,677,Honey
69,140,100,153,1490,3370,188,268,1615,260,262,157,185,254,242,162,2467,677,Honey
119,221,135,192,2067,4109,296,363,13957,471,1390,246,358,349,355,259,2903,770,Sunflower Oil
119,221,135,192,2059,4100,296,363,14014,471,1396,246,358,349,355,259,2904,772,Sunflower Oil
119,221,135,192,2052,4092,296,363,14053,471,1401,246,358,349,355,259,2904,773,Sunflower Oil
119,221,135,191,2047,4085,296,363,14080,471,1404,246,358,349,355,259,2904,774,Sunflower Oil
119,221,135,191,2040,4078,296,363,14108,471,1408,246,358,349,355,258,2904,774,Sunflower Oil
119,221,135,191,2035,4072,296,363,14145,472,1411,246,358,349,354,258,2904,775,Sunflower Oil
119,221,135,191,2030,4066,296,363,14163,471,1414,246,358,348,354,258,2904,776,Sunflower Oil
119,221,135,190,2025,4061,296,363,14189,471,1417,246,358,348,353,258,2903,777,Sunflower Oil
119,221,135,190,2020,4056,296,363,14215,471,1420,247,358,348,353,258,2903,777,Sunflower Oil
119,221,135,190,2016,4051,296,363,14235,471,1422,247,358,348,353,258,2903,778,Sunflower Oil
119,221,135,190,2013,4047,296,363,14257,471,1425,247,358,348,353,258,2903,779,Sunflower Oil
119,221,135,190,2009,4042,296,363,14275,471,1427,247,358,348,353,257,2902,779,Sunflower Oil
119,221,135,190,2005,4038,296,362,14288,471,1429,247,358,347,352,257,2902,779,Sunflower Oil
118,220,134,189,2001,4033,295,361,14304,470,1431,246,358,347,352,257,2902,779,Sunflower Oil
119,221,134,188,1998,4029,296,362,14312,471,1433,246,358,347,352,257,2901,780,Sunflower Oil
119,222,134,191,2023,4062,296,363,14355,472,1431,247,358,346,351,257,2899,775,Sunflower Oil
119,222,134,190,2017,4054,296,363,14396,472,1436,247,358,346,351,257,2899,777,Sunflower Oil
119,222,134,190,2011,4046,296,363,14415,472,1439,247,358,346,351,256,2899,778,Sunflower Oil
119,222,134,190,2006,4040,296,363,14434,472,1442,247,358,346,351,256,2899,778,Sunflower Oil
119,222,134,190,2002,4035,296,362,14441,472,1443,247,357,346,350,256,2899,779,Sunflower Oil
119,222,134,189,1998,4031,296,362,14479,472,1447,248,358,346,351,256,2899,780,Sunflower Oil
119,222,134,189,1994,4025,296,362,14489,472,1449,248,358,345,350,256,2899,781,Sunflower Oil
119,222,134,188,1990,4020,296,363,14525,472,1453,248,358,345,350,256,2899,781,Sunflower Oil
119,222,134,188,1986,4016,296,362,14534,472,1455,248,358,345,350,256,2898,782,Sunflower Oil
119,222,134,188,1983,4013,296,362,14557,472,1457,247,358,345,350,256,2898,782,Sunflower Oil
119,222,134,188,1980,4010,296,362,14552,472,1457,248,358,345,350,256,2898,782,Sunflower Oil
119,222,134,188,1977,4005,296,362,14565,472,1459,248,358,345,350,256,2897,783,Sunflower Oil
119,222,134,188,1974,4002,296,362,14593,472,1462,248,358,345,350,256,2897,783,Sunflower Oil
119,222,134,188,1971,3998,296,362,14611,472,1464,248,358,345,350,256,2897,783,Sunflower Oil
119,222,134,187,1969,3995,296,362,14619,472,1465,248,358,345,349,255,2896,783,Sunflower Oil
141,246,189,312,3587,7437,531,621,24790,694,2878,387,542,521,576,433,5747,1515,4%-Fat Liquid Milk
141,246,188,311,3568,7420,532,621,24884,695,2888,387,543,521,576,433,5746,1517,4%-Fat Liquid Milk
140,245,188,310,3554,7404,532,621,24996,697,2901,388,543,521,576,433,5745,1519,4%-Fat Liquid Milk
140,245,188,310,3541,7392,532,621,25067,697,2909,388,543,521,575,433,5746,1521,4%-Fat Liquid Milk
140,245,188,310,3531,7381,532,621,25137,698,2916,388,543,520,575,433,5744,1522,4%-Fat Liquid Milk
140,245,188,309,3522,7371,532,621,25202,698,2923,388,543,520,575,433,5743,1523,4%-Fat Liquid Milk
140,245,187,308,3515,7363,533,622,25268,699,2929,388,543,520,575,433,5742,1524,4%-Fat Liquid Milk
140,245,187,308,3506,7355,533,622,25319,699,2934,389,543,520,574,433,5740,1525,4%-Fat Liquid Milk
139,245,187,308,3497,7346,533,622,25372,699,2939,389,544,520,574,433,5738,1525,4%-Fat Liquid Milk
139,245,187,307,3492,7338,533,622,25411,699,2943,389,544,519,573,432,5736,1525,4%-Fat Liquid Milk
139,245,187,307,3488,7333,533,622,25462,700,2948,389,544,519,573,432,5735,1526,4%-Fat Liquid Milk
138,245,187,307,3482,7325,533,622,25508,700,2953,389,544,519,573,432,5733,1526,4%-Fat Liquid Milk
138,244,187,306,3476,7318,533,622,25536,701,2956,389,544,519,573,432,5730,1527,4%-Fat Liquid Milk
138,244,187,306,3470,7313,534,621,25605,702,2962,389,544,519,574,432,5729,1528,4%-Fat Liquid Milk
138,243,187,306,3466,7306,534,621,25650,702,2967,389,544,519,574,432,5727,1528,4%-Fat Liquid Milk
142,245,188,310,3616,7382,533,621,25692,703,2940,389,542,516,574,431,5708,1515,4%-Fat Liquid Milk
142,245,188,309,3608,7371,534,621,25758,703,2949,389,542,516,574,431,5708,1517,4%-Fat Liquid Milk
142,245,188,308,3600,7359,534,621,25813,704,2957,390,543,516,574,431,5709,1518,4%-Fat Liquid Milk
142,245,188,308,3591,7349,534,622,25884,705,2965,391,543,516,575,431,5708,1519,4%-Fat Liquid Milk
142,245,188,308,3584,7340,534,621,25891,705,2967,391,543,516,574,431,5706,1521,4%-Fat Liquid Milk
142,245,187,307,3572,7332,534,622,25968,706,2976,391,543,517,574,432,5706,1522,4%-Fat Liquid Milk
142,245,187,307,3569,7324,535,622,26017,706,2981,391,544,517,574,432,5705,1523,4%-Fat Liquid Milk
142,245,187,307,3566,7317,535,622,26072,707,2987,391,544,517,575,432,5704,1524,4%-Fat Liquid Milk
142,245,187,306,3559,7309,535,622,26093,707,2989,391,544,517,575,431,5703,1524,4%-Fat Liquid Milk
142,245,187,306,3553,7303,535,622,26126,707,2993,391,544,517,575,431,5702,1525,4%-Fat Liquid Milk
142,245,187,306,3548,7298,536,622,26186,707,2999,392,544,517,576,431,5702,1526,4%-Fat Liquid Milk
142,245,187,306,3543,7292,536,622,26224,708,3003,392,544,517,575,431,5700,1527,4%-Fat Liquid Milk
142,245,187,305,3539,7286,536,622,26241,708,3005,392,545,517,575,431,5699,1527,4%-Fat Liquid Milk
142,245,187,305,3534,7281,537,622,26308,709,3012,392,545,518,575,432,5698,1528,4%-Fat Liquid Milk
142,245,187,305,3530,7276,537,622,26342,709,3015,392,545,518,575,432,5697,1529,4%-Fat Liquid Milk
117,247,215,332,3999,8779,324,525,923,361,303,330,163,125,157,113,8622,2365,White Onion
117,247,215,331,3987,8763,324,525,915,361,302,330,163,126,157,113,8620,2367,White Onion
117,247,215,331,3977,8751,323,525,920,361,303,330,163,126,157,113,8620,2370,White Onion
117,246,214,331,3968,8738,323,524,915,361,302,330,163,126,156,113,8618,2373,White Onion
117,246,213,330,3959,8727,323,524,921,360,303,330,163,126,156,113,8616,2374,White Onion
117,246,213,330,3951,8717,323,524,948,360,308,330,164,126,157,113,8615,2377,White Onion
116,246,213,330,3944,8708,322,523,875,359,294,329,162,125,156,112,8612,2378,White Onion
116,246,213,329,3937,8697,322,522,818,358,282,328,160,124,155,112,8608,2378,White Onion
116,246,213,329,3930,8690,322,522,800,357,279,328,159,123,155,112,8607,2380,White Onion
116,245,213,328,3926,8686,322,522,774,356,273,328,159,123,155,111,8619,2386,White Onion
116,245,213,328,3927,8687,321,522,672,354,253,327,156,122,155,111,8639,2390,White Onion
116,245,213,328,3922,8679,320,522,649,354,249,327,156,122,155,111,8641,2391,White Onion
116,245,212,328,3918,8674,319,521,587,353,236,326,154,121,154,111,8642,2392,White Onion
116,244,212,327,3913,8669,318,520,502,351,219,325,151,120,153,110,8631,2393,White Onion
116,244,212,327,3909,8662,318,520,525,351,224,326,152,120,153,110,8635,2394,White Onion
116,246,213,330,3959,8730,321,523,727,356,265,328,158,123,157,112,8647,2384,White Onion
116,246,213,330,3949,8718,321,522,722,356,264,328,158,123,156,112,8647,2387,White Onion
116,246,213,329,3939,8706,321,522,699,355,260,328,158,123,156,112,8646,2389,White Onion
116,246,213,328,3931,8695,321,522,728,356,266,328,158,123,156,112,8646,2391,White Onion
116,246,213,328,3924,8687,321,522,737,356,267,328,158,123,156,112,8646,2393,White Onion
116,246,213,328,3918,8679,321,522,747,356,269,328,158,123,156,112,8645,2395,White Onion
116,245,213,328,3912,8672,321,522,789,356,278,328,160,123,156,112,8646,2397,White Onion
116,245,213,328,3907,8664,322,523,798,357,279,328,160,123,157,112,8644,2398,White Onion
116,245,212,327,3902,8658,321,522,755,356,271,328,158,123,156,112,8643,2399,White Onion
116,245,212,327,3896,8649,321,522,732,355,266,327,158,123,156,112,8642,2399,White Onion
116,245,212,327,3892,8644,321,522,729,355,266,327,158,123,156,112,8639,2401,White Onion
116,245,212,327,3888,8639,321,522,728,355,266,327,158,122,156,112,8639,2403,White Onion
116,245,212,326,3884,8632,321,522,731,355,266,327,158,122,156,112,8638,2404,White Onion
116,245,212,326,3880,8624,320,522,729,355,266,327,158,122,156,112,8638,2405,White Onion
116,245,212,326,3876,8622,320,521,721,355,264,327,157,122,156,111,8638,2406,White Onion
198,450,369,622,7468,16496,998,1109,44660,1239,7429,793,1874,1250,877,512,11236,3421,Table Salt
198,450,368,621,7442,16461,998,1109,44732,1239,7449,793,1877,1250,878,512,11237,3427,Table Salt
198,450,368,620,7418,16431,999,1110,44803,1239,7468,780,1880,1252,878,513,11237,3432,Table Salt
198,449,368,619,7397,16404,998,1109,44800,1239,7475,791,1879,1252,878,512,11237,3437,Table Salt
198,448,367,617,7378,16381,998,1108,44842,1239,7487,793,1880,1252,878,512,11237,3442,Table Salt
197,448,367,616,7361,16358,999,1109,44960,1241,7513,794,1884,1254,879,513,11237,3445,Table Salt
197,448,367,616,7344,16337,1000,1109,45019,1241,7529,794,1886,1255,879,513,11237,3449,Table Salt
197,448,367,615,7326,16313,999,1109,45016,1240,7532,794,1885,1255,879,513,11235,3451,Table Salt
197,448,366,614,7312,16294,999,1109,45025,1240,7540,794,1885,1255,879,513,11234,3455,Table Salt
197,448,366,613,7299,16277,999,1109,45083,1240,7553,794,1887,1256,880,513,11234,3457,Table Salt
197,448,366,612,7287,16262,999,1108,45059,1240,7553,794,1886,1255,879,512,11234,3460,Table Salt
197,448,366,612,7274,16244,999,1108,45088,1239,7561,794,1887,1255,879,512,11233,3462,Table Salt
197,447,366,611,7262,16228,999,1108,45093,1239,7566,794,1887,1255,879,512,11230,3464,Table Salt
197,447,366,611,7251,16213,999,1108,45133,1239,7575,789,1888,1255,879,513,11229,3466,Table Salt
197,447,365,610,7240,16197,999,1108,45191,1240,7589,793,1890,1256,880,513,11228,3468,Table Salt
197,450,367,617,7367,16371,999,1110,45040,1241,7527,794,1886,1254,879,513,11234,3443,Table Salt
197,449,367,616,7344,16340,999,1110,45129,1241,7550,795,1889,1256,880,514,11235,3448,Table Salt
197,448,367,615,7324,16313,1000,1110,45190,1241,7568,795,1891,1257,881,514,11236,3453,Table Salt
197,448,366,614,7306,16288,1001,1109,45228,1241,7581,795,1892,1257,881,513,11234,3456,Table Salt
197,448,366,613,7292,16266,1001,1110,45266,1242,7594,796,1893,1259,882,514,11235,3460,Table Salt
197,448,366,612,7277,16249,1001,1110,45295,1242,7602,796,1894,1259,882,514,11235,3463,Table Salt
197,448,366,611,7263,16231,1001,1110,45336,1242,7614,796,1895,1259,882,514,11236,3467,Table Salt
197,448,365,611,7247,16213,1000,1109,45320,1242,7616,796,1894,1258,881,513,11235,3469,Table Salt
197,448,365,610,7235,16195,1001,1109,45394,1242,7632,796,1897,1260,882,514,11233,3472,Table Salt
197,447,365,610,7223,16179,1001,1110,45410,1242,7638,796,1898,1260,883,514,11232,3474,Table Salt
197,447,365,609,7212,16165,1001,1109,45441,1242,7647,796,1899,1260,883,514,11233,3477,Table Salt
197,447,365,608,7200,16147,1001,1109,45474,1241,7657,796,1900,1261,883,514,11230,3478,Table Salt
196,447,365,607,7188,16131,1001,1109,45477,1242,7659,796,1899,1261,883,514,11228,3480,Table Salt
196,447,365,607,7178,16117,1001,1109,45472,1241,7662,796,1899,1261,882,514,11226,3482,Table Salt
196,447,364,607,7169,16107,1002,1110,45520,1241,7674,797,1901,1262,883,514,11226,3484,Table Salt
201,408,362,537,6276,12751,599,802,31002,698,4576,436,849,772,773,513,7749,2433,Yam Flour
201,408,362,536,6253,12723,599,801,31064,698,4591,436,849,771,772,513,7749,2437,Yam Flour
200,408,362,535,6233,12697,598,800,31099,698,4601,436,848,769,770,512,7748,2441,Yam Flour
200,407,361,534,6214,12677,598,800,31178,698,4617,436,849,768,770,512,7748,2444,Yam Flour
200,407,361,533,6199,12655,598,800,31219,698,4626,436,848,767,769,511,7748,2447,Yam Flour
200,407,361,532,6182,12637,597,800,31245,697,4633,436,848,766,767,510,7748,2450,Yam Flour
200,407,360,532,6166,12617,597,799,31311,697,4645,436,848,766,767,510,7745,2452,Yam Flour
200,407,360,531,6150,12598,596,798,31352,697,4654,436,849,765,766,510,7743,2454,Yam Flour
200,407,360,530,6135,12579,596,798,31356,697,4658,436,848,763,765,509,7741,2456,Yam Flour
200,406,360,529,6122,12563,596,798,31406,697,4668,435,848,763,765,508,7740,2458,Yam Flour
199,406,359,529,6110,12549,595,797,31424,697,4672,435,848,762,763,507,7738,2460,Yam Flour
199,406,358,528,6099,12534,596,797,31441,696,4676,435,847,761,762,507,7730,2462,Yam Flour
198,406,358,527,6089,12521,595,797,31460,696,4682,435,847,760,762,506,7735,2463,Yam Flour
198,406,358,527,6079,12509,595,797,31510,696,4691,435,847,760,761,506,7735,2464,Yam Flour
198,406,358,527,6070,12497,595,797,31539,696,4697,435,847,759,761,506,7736,2466,Yam Flour
197,406,357,522,5991,12415,587,789,31905,692,4753,433,837,733,736,491,7696,2469,Yam Flour
197,406,356,522,5976,12395,587,789,31921,692,4761,433,837,733,736,490,7697,2473,Yam Flour
197,406,356,521,5962,12378,587,789,31972,692,4773,433,838,733,736,490,7697,2475,Yam Flour
197,406,356,521,5948,12361,587,789,32014,692,4783,433,838,733,736,491,7697,2478,Yam Flour
197,406,356,520,5937,12347,587,789,32040,692,4791,433,838,733,736,491,7696,2480,Yam Flour
197,406,355,519,5926,12334,587,789,32011,692,4790,433,838,732,735,490,7694,2482,Yam Flour
197,406,355,519,5918,12323,586,789,32022,691,4794,432,838,732,734,490,7693,2483,Yam Flour
197,405,355,518,5909,12312,587,788,32071,692,4803,432,839,732,734,490,7692,2485,Yam Flour
197,405,355,518,5900,12301,587,788,32096,692,4810,432,839,732,734,490,7690,2486,Yam Flour
197,405,355,517,5893,12291,587,788,32096,691,4812,432,839,731,734,489,7690,2487,Yam Flour
197,405,354,517,5885,12281,586,788,32130,691,4819,432,839,732,734,489,7689,2487,Yam Flour
197,405,354,517,5879,12274,586,788,32131,691,4821,432,839,731,733,489,7687,2488,Yam Flour
196,405,354,516,5872,12263,586,788,32155,691,4826,432,839,731,733,489,7686,2489,Yam Flour
196,405,353,516,5865,12256,586,788,32167,691,4829,432,839,731,733,489,7685,2490,Yam Flour
196,405,353,516,5859,12249,586,787,32145,691,4827,432,839,730,732,488,7684,2491,Yam Flour
144,256,217,366,3382,7120,759,688,27094,783,12611,401,5785,4317,2370,1018,4747,1786,Paracetamol
143,256,217,365,3370,7104,760,688,27157,783,12641,401,5793,4323,2373,1019,4748,1789,Paracetamol
143,256,217,365,3359,7091,760,688,27184,783,12654,401,5797,4325,2374,1019,4749,1792,Paracetamol
143,256,216,364,3348,7078,760,688,27215,783,12668,401,5798,4326,2374,1019,4749,1794,Paracetamol
143,256,216,363,3339,7070,761,689,27292,784,12702,402,5810,4334,2378,1021,4750,1797,Paracetamol
143,256,216,363,3331,7057,761,689,27306,784,12711,402,5811,4334,2378,1021,4750,1799,Paracetamol
143,256,216,362,3322,7047,762,689,27355,784,12735,402,5819,4339,2381,1022,4750,1800,Paracetamol
143,256,216,362,3314,7039,762,689,27380,784,12745,402,5820,4340,2381,1022,4751,1802,Paracetamol
143,256,216,361,3307,7030,763,689,27417,784,12763,402,5826,4344,2383,1023,4750,1804,Paracetamol
143,256,216,361,3300,7022,763,689,27437,784,12772,402,5828,4344,2383,1023,4751,1806,Paracetamol
143,256,216,361,3294,7014,762,689,27433,784,12770,402,5824,4342,2382,1022,4751,1808,Paracetamol
143,256,215,361,3288,7006,763,689,27492,784,12796,403,5833,4348,2385,1024,4751,1809,Paracetamol
143,256,215,360,3282,6999,763,689,27514,784,12806,403,5835,4349,2386,1023,4750,1810,Paracetamol
143,256,215,360,3276,6993,763,689,27509,784,12804,403,5828,4347,2383,1023,4750,1812,Paracetamol
143,256,215,360,3270,6986,762,688,27505,783,12802,402,5827,4345,2382,1023,4749,1812,Paracetamol
143,257,216,362,3310,7035,761,689,27463,783,12764,402,5821,4337,2379,1021,4747,1801,Paracetamol
143,256,216,361,3300,7022,763,689,27509,783,12786,402,5825,4341,2381,1022,4749,1805,Paracetamol
143,256,216,361,3290,7010,763,689,27550,783,12806,403,5830,4344,2382,1022,4750,1807,Paracetamol
143,256,215,360,3282,6999,763,689,27573,784,12817,403,5833,4346,2383,1023,4750,1809,Paracetamol
143,256,215,360,3274,6990,763,689,27589,783,12826,403,5834,4347,2384,1023,4750,1811,Paracetamol
143,256,215,359,3267,6982,762,689,27577,783,12821,403,5830,4343,2382,1022,4751,1813,Paracetamol
143,256,215,358,3260,6973,762,689,27600,783,12833,403,5830,4345,2382,1022,4750,1814,Paracetamol
143,256,215,358,3253,6964,762,689,27621,783,12844,403,5831,4344,2383,1022,4749,1815,Paracetamol
143,256,215,358,3247,6956,763,688,27663,783,12864,403,5840,4351,2385,1023,4749,1817,Paracetamol
143,256,215,357,3242,6949,763,688,27655,783,12860,403,5836,4348,2384,1022,4749,1818,Paracetamol
143,256,215,357,3237,6942,764,689,27699,784,12881,403,5843,4353,2387,1023,4748,1819,Paracetamol
143,256,215,357,3232,6936,764,689,27707,783,12886,403,5840,4353,2386,1023,4748,1820,Paracetamol
143,256,215,357,3228,6931,764,689,27729,783,12897,403,5846,4355,2388,1023,4748,1821,Paracetamol
143,256,215,356,3224,6926,764,689,27749,783,12908,403,5847,4357,2388,1024,4748,1822,Paracetamol
143,256,214,356,3220,6921,763,689,27735,783,12900,403,5844,4353,2387,1023,4748,1823,Paracetamol
88,196,149,247,4030,7507,186,298,763,286,195,207,116,80,102,83,4481,1115,Fresh Tomato
88,196,149,247,4029,7506,186,298,752,287,194,207,116,80,102,82,4489,1118,Fresh Tomato
88,196,149,246,4028,7504,186,298,746,287,193,207,116,80,102,82,4496,1120,Fresh Tomato
88,196,149,246,4029,7502,187,299,743,287,193,208,116,79,101,82,4503,1123,Fresh Tomato
88,196,149,246,4024,7499,187,299,737,287,192,208,116,78,101,82,4509,1125,Fresh Tomato
88,196,149,246,4017,7495,187,299,733,287,192,208,115,78,101,82,4513,1127,Fresh Tomato
88,196,149,246,4014,7493,187,299,731,287,192,208,115,78,101,82,4518,1129,Fresh Tomato
88,196,149,246,4010,7491,187,299,729,287,191,208,115,78,101,82,4523,1130,Fresh Tomato
88,196,149,246,4006,7492,187,300,727,287,191,208,115,78,101,82,4526,1132,Fresh Tomato
88,196,149,246,4003,7497,187,300,721,287,190,208,115,78,101,82,4532,1134,Fresh Tomato
88,197,149,246,4000,7500,187,300,718,287,190,208,115,78,101,82,4535,1135,Fresh Tomato
88,197,149,246,3997,7505,187,301,713,287,190,208,115,77,101,82,4539,1136,Fresh Tomato
88,197,149,246,3994,7507,187,301,708,287,189,208,115,77,100,81,4543,1138,Fresh Tomato
88,197,149,246,3992,7507,187,301,702,287,188,208,114,77,100,81,4546,1139,Fresh Tomato
88,197,149,246,3991,7505,187,301,698,287,187,208,114,77,100,81,4549,1140,Fresh Tomato
89,196,151,249,4094,7618,186,301,538,284,164,208,111,75,99,80,4549,1129,Fresh Tomato
89,196,151,248,4083,7606,186,300,494,283,157,207,110,74,98,80,4549,1131,Fresh Tomato
88,195,151,248,4072,7597,185,300,444,282,149,207,109,73,98,79,4549,1132,Fresh Tomato
88,196,150,247,4064,7588,186,300,466,282,153,207,109,73,98,79,4549,1133,Fresh Tomato
88,196,150,247,4056,7579,186,300,490,283,156,207,109,74,98,79,4549,1133,Fresh Tomato
88,196,150,247,4050,7573,186,300,486,282,156,207,109,74,98,79,4549,1134,Fresh Tomato
88,195,150,247,4045,7566,185,300,477,282,155,207,109,73,98,79,4550,1135,Fresh Tomato
88,195,150,247,4040,7561,185,300,481,282,155,207,109,73,98,79,4549,1135,Fresh Tomato
88,195,150,247,4035,7555,186,300,491,282,156,207,109,73,98,79,4549,1136,Fresh Tomato
88,195,150,246,4030,7550,185,300,495,282,157,207,109,73,98,79,4549,1136,Fresh Tomato
88,195,150,246,4026,7545,186,300,501,282,158,207,109,73,98,79,4548,1137,Fresh Tomato
88,196,150,246,4022,7540,186,300,512,283,160,207,109,74,98,79,4549,1137,Fresh Tomato
88,196,150,246,4018,7535,186,300,521,283,161,207,109,74,98,79,4549,1137,Fresh Tomato
88,196,150,246,4014,7531,186,300,524,283,162,207,109,74,98,79,4549,1138,Fresh Tomato
88,195,150,246,4011,7528,186,300,516,282,160,207,109,74,98,79,4548,1138,Fresh Tomato
126,363,183,226,2327,4735,309,385,14973,553,1473,330,378,357,371,272,3365,849,Rapeseed Oil
126,363,183,225,2320,4725,309,385,15010,553,1477,331,378,357,371,272,3366,850,Rapeseed Oil
126,363,183,225,2313,4716,309,385,15037,553,1481,331,378,357,371,272,3367,852,Rapeseed Oil
125,364,183,225,2305,4706,309,385,15066,553,1484,331,378,357,371,272,3368,853,Rapeseed Oil
125,364,183,224,2298,4696,309,385,15082,553,1487,331,378,356,370,272,3367,854,Rapeseed Oil
125,364,183,223,2293,4690,309,385,15094,553,1489,331,378,356,370,272,3367,855,Rapeseed Oil
126,364,183,223,2287,4683,309,385,15130,554,1493,332,378,356,370,272,3367,856,Rapeseed Oil
126,364,183,223,2281,4677,308,385,15126,553,1493,331,378,356,370,271,3367,857,Rapeseed Oil
126,364,183,223,2275,4670,308,385,15140,553,1496,332,378,356,370,271,3366,857,Rapeseed Oil
125,364,182,223,2270,4664,308,385,15148,553,1497,332,378,356,369,271,3365,858,Rapeseed Oil
125,364,183,222,2265,4659,308,384,15155,553,1499,332,378,355,369,271,3364,858,Rapeseed Oil
125,364,182,222,2261,4654,308,384,15149,553,1499,332,377,355,368,271,3364,859,Rapeseed Oil
125,365,182,222,2256,4649,308,384,15171,553,1502,332,378,355,368,271,3364,859,Rapeseed Oil
125,365,182,222,2250,4644,308,384,15185,553,1504,332,378,355,368,271,3363,859,Rapeseed Oil
125,365,182,222,2243,4640,308,384,15194,553,1505,332,377,355,368,270,3363,860,Rapeseed Oil
124,365,183,223,2262,4677,307,383,15125,552,1491,331,376,352,367,269,3358,854,Rapeseed Oil
124,365,183,223,2250,4667,307,383,15127,552,1495,332,376,352,367,269,3358,855,Rapeseed Oil
124,365,183,222,2237,4658,308,383,15135,552,1499,332,376,352,367,269,3359,857,Rapeseed Oil
124,366,183,222,2224,4651,308,383,15144,552,1501,332,376,352,367,269,3359,858,Rapeseed Oil
124,366,183,222,2216,4644,307,383,15173,552,1503,332,376,352,366,269,3359,858,Rapeseed Oil
124,366,183,222,2215,4637,307,383,15226,553,1508,332,376,352,367,269,3359,859,Rapeseed Oil
124,366,183,221,2217,4631,308,383,15247,553,1509,332,376,352,366,269,3358,860,Rapeseed Oil
124,366,182,221,2219,4626,308,383,15261,553,1511,332,376,352,366,269,3359,861,Rapeseed Oil
124,366,182,221,2220,4622,307,383,15283,553,1514,332,376,352,366,269,3359,862,Rapeseed Oil
124,366,182,221,2222,4617,307,383,15281,552,1513,332,376,352,366,268,3359,862,Rapeseed Oil
124,367,183,221,2222,4612,307,383,15313,553,1516,333,376,352,366,269,3358,862,Rapeseed Oil
124,366,182,221,2220,4607,307,383,15311,552,1517,332,376,351,366,268,3358,863,Rapeseed Oil
124,367,182,221,2217,4602,307,383,15318,552,1519,333,376,351,366,269,3358,863,Rapeseed Oil
124,367,182,220,2214,4598,307,383,15306,552,1519,333,376,351,365,268,3357,864,Rapeseed Oil
124,367,182,220,2213,4594,307,383,15340,553,1522,333,376,351,365,268,3357,864,Rapeseed Oil
106,193,137,217,2289,4808,314,386,23100,544,2895,281,439,312,302,215,3437,870,Clipper Oil
106,193,137,217,2281,4799,314,386,23141,544,2903,281,439,312,302,215,3437,872,Clipper Oil
106,192,137,216,2275,4791,314,386,23138,544,2906,281,439,312,302,215,3438,873,Clipper Oil
106,192,136,216,2269,4784,314,386,23160,544,2912,281,439,312,302,215,3438,874,Clipper Oil
106,192,136,216,2263,4776,314,385,23175,544,2915,281,439,312,302,215,3438,874,Clipper Oil
106,192,136,216,2258,4770,315,386,23221,544,2922,281,440,312,302,215,3438,875,Clipper Oil
106,192,136,216,2253,4763,315,386,23228,544,2925,281,440,312,302,215,3437,876,Clipper Oil
106,192,136,215,2248,4758,315,385,23241,544,2929,281,440,312,302,215,3437,877,Clipper Oil
106,192,136,215,2244,4752,315,385,23239,543,2931,281,440,312,302,215,3437,877,Clipper Oil
106,192,136,215,2240,4746,315,385,23274,543,2937,281,441,312,302,215,3437,877,Clipper Oil
106,192,136,215,2236,4741,315,385,23304,544,2941,281,441,312,302,215,3436,878,Clipper Oil
106,192,136,215,2232,4736,315,385,23288,543,2941,281,441,312,302,215,3435,879,Clipper Oil
106,192,136,214,2228,4731,315,385,23312,543,2947,281,441,312,302,215,3435,879,Clipper Oil
106,192,136,213,2224,4727,315,385,23311,543,2949,281,441,312,302,215,3435,880,Clipper Oil
105,192,136,213,2221,4722,315,385,23323,543,2950,281,441,312,302,215,3434,881,Clipper Oil
104,187,134,212,2332,4669,309,376,25384,532,2938,274,434,301,293,210,3590,855,Clipper Oil
104,187,134,212,2324,4660,309,376,25446,532,2950,274,434,301,293,210,3591,857,Clipper Oil
104,187,134,212,2317,4651,309,376,25467,532,2955,274,434,301,293,210,3590,858,Clipper Oil
104,187,134,212,2311,4644,309,376,25532,532,2963,274,435,301,293,211,3590,859,Clipper Oil
104,187,134,211,2305,4638,309,376,25533,532,2967,274,435,301,293,210,3591,860,Clipper Oil
104,187,133,211,2300,4631,309,376,25510,531,2972,274,436,301,293,210,3590,861,Clipper Oil
102,186,133,211,2294,4625,308,374,25567,529,2977,274,435,301,293,209,3591,862,Clipper Oil
104,186,133,211,2289,4619,309,375,25642,531,2987,274,436,302,293,209,3591,863,Clipper Oil
104,186,133,211,2284,4613,309,376,25682,532,2993,274,437,302,293,209,3590,863,Clipper Oil
104,186,133,210,2280,4608,309,376,25700,532,2995,274,437,302,293,209,3590,864,Clipper Oil
104,186,133,210,2275,4602,309,376,25737,532,2999,274,437,302,293,210,3590,864,Clipper Oil
104,186,133,210,2271,4598,309,376,25764,532,3004,274,437,302,293,210,3589,865,Clipper Oil
104,186,133,210,2267,4594,309,376,25752,531,3004,274,437,302,293,210,3588,865,Clipper Oil
104,186,133,210,2264,4589,309,376,25761,531,3007,274,437,302,293,210,3587,866,Clipper Oil
104,186,133,209,2261,4585,309,376,25755,531,3008,274,437,302,293,210,3587,866,Clipper Oil
129,235,178,299,3593,7257,434,516,15344,605,1823,327,351,266,366,307,5096,1311,3.5% Fat Milk
131,236,179,299,3583,7245,448,527,16493,626,1956,334,364,281,379,323,5100,1315,3.5% Fat Milk
132,237,178,299,3572,7232,452,530,16703,630,1975,336,367,282,382,325,5101,1317,3.5% Fat Milk
132,236,178,298,3563,7221,450,529,16531,628,1960,335,366,280,380,323,5102,1318,3.5% Fat Milk
131,236,178,298,3555,7210,447,526,16311,625,1933,333,363,278,377,319,5101,1319,3.5% Fat Milk
131,235,178,297,3546,7200,444,524,16212,621,1922,332,362,277,376,318,5101,1320,3.5% Fat Milk
128,234,176,295,3539,7191,423,509,14658,598,1753,321,343,262,354,302,5098,1318,3.5% Fat Milk
126,233,176,295,3532,7184,415,502,14343,587,1718,317,339,256,351,295,5097,1318,3.5% Fat Milk
127,233,176,294,3525,7176,415,503,14426,587,1727,318,337,259,352,299,5096,1319,3.5% Fat Milk
130,235,177,295,3521,7170,439,520,15996,614,1898,329,357,273,372,315,5099,1322,3.5% Fat Milk
131,235,177,296,3515,7163,446,525,16464,622,1949,333,363,278,378,320,5099,1323,3.5% Fat Milk
129,234,176,295,3508,7155,433,517,15745,606,1872,328,352,271,366,312,5096,1323,3.5% Fat Milk
131,235,177,295,3504,7148,449,527,16662,626,1974,335,365,281,380,322,5098,1325,3.5% Fat Milk
129,235,176,294,3498,7141,438,519,15933,615,1896,329,357,273,370,314,5096,1324,3.5% Fat Milk
130,235,177,294,3493,7135,447,525,16512,624,1960,333,364,279,378,321,5097,1326,3.5% Fat Milk
121,231,174,291,3500,7147,384,478,12115,547,1477,301,310,234,321,269,5079,1312,3.5% Fat Milk
112,228,171,288,3490,7137,344,457,10726,507,1253,281,284,199,305,229,5074,1307,3.5% Fat Milk
121,230,173,290,3484,7129,383,479,12334,547,1496,302,316,230,329,267,5080,1314,3.5% Fat Milk
128,234,176,293,3481,7123,433,515,15662,606,1867,327,353,268,367,310,5088,1323,3.5% Fat Milk
131,236,177,294,3476,7115,453,530,16913,631,2038,336,372,283,386,326,5091,1327,3.5% Fat Milk
131,235,177,294,3469,7108,447,525,16616,625,1977,333,366,278,377,321,5092,1327,3.5% Fat Milk
132,236,177,294,3464,7101,457,532,17166,636,2037,338,372,285,386,328,5092,1329,3.5% Fat Milk
131,235,177,293,3459,7095,452,529,16860,629,2003,335,368,281,381,324,5091,1329,3.5% Fat Milk
132,236,177,293,3454,7089,458,534,17394,637,2062,338,374,287,388,330,5093,1330,3.5% Fat Milk
133,236,177,293,3450,7083,464,538,17742,643,2102,341,378,291,392,335,5094,1332,3.5% Fat Milk
133,236,177,293,3446,7078,459,534,17465,638,2073,339,375,288,388,331,5091,1332,3.5% Fat Milk
131,235,176,292,3441,7074,454,530,17100,630,2034,337,371,283,384,327,5090,1331,3.5% Fat Milk
131,235,176,292,3436,7068,451,528,16965,628,2019,336,369,282,382,324,5090,1331,3.5% Fat Milk
131,235,176,292,3431,7063,452,528,16934,628,2014,335,368,282,381,324,5090,1332,3.5% Fat Milk
130,234,176,291,3427,7057,446,524,16617,620,1984,332,364,278,377,319,5089,1331,3.5% Fat Milk
